cust_id,first_name,last_name,name,company_name,address_1,address_2,city,country,state,zip,phone1,phone2,email,web,column,pattern,scores,outliers
1107.0,Twana,Felger,0.0,Opryland Hotel,1 Commerce Way,0.0,Portland,Washington,OR,97224.0,503-939-3153,503-909-7167,twana.felger@felger.org,http://www.oprylandhotel.com," cust_id , first_name , last_name , name , company_name , address_1 , address_2 , city , country , state , zip , phone1 , phone2 , email , web"," 9999.9 , AAAAA , AAAAAA , AAA , AAAAAAAA AAAAA , 9 AAAAAAAA AAA , AAA , AAAAAAAA , AAAAAAAAAA , AA , 99999.9 , 999-999-9999 , 999-999-9999 , AAAAA.AAAAAA@AAAAAA.AAA , AAAA://AAA.AAAAAAAAAAAAA.AAA",-0.020187346416774887,-1
1138.0,Nieves,Gotter,0.0,"Vlahos, John J Esq",4940 Pulaski Park Dr,0.0,Portland,Multnomah,OR,97202.0,503-527-5274,503-455-3094,nieves_gotter@gmail.com,http://www.vlahosjohnjesq.com," cust_id , first_name , last_name , name , company_name , address_1 , address_2 , city , country , state , zip , phone1 , phone2 , email , web"," 9999.9 , AAAAAA , AAAAAA , AAA , AAAAAA, AAAA A AAA , 9999 AAAAAAA AAAA AA , AAA , AAAAAAAA , AAAAAAAAA , AA , 99999.9 , 999-999-9999 , 999-999-9999 , AAAAAA_AAAAAA@AAAAA.AAA , AAAA://AAA.AAAAAAAAAAAAAA.AAA",-0.02160724409795245,-1
1152.0,Carissa,Batman,0.0,"Poletto, Kim David Esq",12270 Caton Center Dr,0.0,Eugene,Lane,OR,97401.0,541-326-4074,541-801-5717,carissa.batman@yahoo.com,http://www.polettokimdavidesq.com," cust_id , first_name , last_name , name , company_name , address_1 , address_2 , city , country , state , zip , phone1 , phone2 , email , web"," 9999.9 , AAAAAAA , AAAAAA , AAA , AAAAAAA, AAA AAAAA AAA , 99999 AAAAA AAAAAA AA , AAA , AAAAAA , AAAA , AA , 99999.9 , 999-999-9999 , 999-999-9999 , AAAAAAA.AAAAAA@AAAAA.AAA , AAAA://AAA.AAAAAAAAAAAAAAAAAA.AAA",-0.025128965401556735,-1
1195.0,Karan,Karpin,0.0,New England Taxidermy,3 Elmwood Dr,0.0,Beaverton,Washington,OR,97005.0,503-940-8327,503-707-5812,karan_karpin@gmail.com,http://www.newenglandtaxidermy.com," cust_id , first_name , last_name , name , company_name , address_1 , address_2 , city , country , state , zip , phone1 , phone2 , email , web"," 9999.9 , AAAAA , AAAAAA , AAA , AAA AAAAAAA AAAAAAAAA , 9 AAAAAAA AA , AAA , AAAAAAAAA , AAAAAAAAAA , AA , 99999.9 , 999-999-9999 , 999-999-9999 , AAAAA_AAAAAA@AAAAA.AAA , AAAA://AAA.AAAAAAAAAAAAAAAAAAA.AAA",-0.025776884307246006,-1
1196.0,Andra,Scheyer,0.0,"Ludcke, George O Esq",9 Church$$ St,0.0,Salem,Marion,OR,97302.0,503-516-2189,503-950-3068,andra@gmail.com,http://www.ludckegeorgeoesq.com," cust_id , first_name , last_name , name , company_name , address_1 , address_2 , city , country , state , zip , phone1 , phone2 , email , web"," 9999.9 , AAAAA , AAAAAAA , AAA , AAAAAA, AAAAAA A AAA , 9 AAAAAA$$ AA , AAA , AAAAA , AAAAAA , AA , 99999.9 , 999-999-9999 , 999-999-9999 , AAAAA@AAAAA.AAA , AAAA://AAA.AAAAAAAAAAAAAAAA.AAA",-0.027598985959138234,-1
1216.0,Glen,Bartolet,0.0,Metlab Testing Services,8739 Hudson St,0.0,Vashon,King,WA,98070.0,206-697-5796,206-389-1482,glen_bartolet@hotmail.com,http://www.metlabtestingservices.com," cust_id , first_name , last_name , name , company_name , address_1 , address_2 , city , country , state , zip , phone1 , phone2 , email , web"," 9999.9 , AAAA , AAAAAAAA , AAA , AAAAAA AAAAAAA AAAAAAAA , 9999 AAAAAA AA , AAA , AAAAAA , AAAA , AA , 99999.9 , 999-999-9999 , 999-999-9999 , AAAA_AAAAAAAA@AAAAAAA.AAA , AAAA://AAA.AAAAAAAAAAAAAAAAAAAAA.AAA",-0.03797947843645599,-1
1387.0,Gail,Kitty,0.0,Service Supply Co Inc,735 Crawford Dr,0.0,Anchorage,Anchorage47541,AK,99501.0,907-435-9166,907-770-3542,gail@kitty.com,http://www.servicesupplycoinc.com," cust_id , first_name , last_name , name , company_name , address_1 , address_2 , city , country , state , zip , phone1 , phone2 , email , web"," 9999.9 , AAAA , AAAAA , AAA , AAAAAAA AAAAAA AA AAA , 999 AAAAAAAA AA , AAA , AAAAAAAAA , AAAAAAAAA99999 , AA , 99999.9 , 999-999-9999 , 999-999-9999 , AAAA@AAAAA.AAA , AAAA://AAA.AAAAAAAAAAAAAAAAAA.AAA",-0.058026946034251625,-1
1394.0,Laurel,Pagliuca,0.0,Printing Images Corp,36 Enterprise St Se,0.0,Richland,Benton,WA,99352.0,509-695-5199,509-595-6485,laurel@yahoo.com,http://www.printingimagescorp.com," cust_id , first_name , last_name , name , company_name , address_1 , address_2 , city , country , state , zip , phone1 , phone2 , email , web"," 9999.9 , AAAAAA , AAAAAAAA , AAA , AAAAAAAA AAAAAA AAAA , 99 AAAAAAAAAA AA AA , AAA , AAAAAAAA , AAAAAA , AA , 99999.9 , 999-999-9999 , 999-999-9999 , AAAAAA@AAAAA.AAA , AAAA://AAA.AAAAAAAAAAAAAAAAAA.AAA",-0.05710024130056601,-1
1416.0,Ettie,Hoopengardner,0.0,,39 Franklin Ave,0.0,Richland,Benton,WA,99352.0,509-755-5393,509-847-3352,ettie.hoopengardner@hotmail.com,http://www.jacksonmillworkco.com," cust_id , first_name , last_name , name , company_name , address_1 , address_2 , city , country , state , zip , phone1 , phone2 , email , web"," 9999.9 , AAAAA , AAAAAAAAAAAAA , AAA , AAA , 99 AAAAAAAA AAA , AAA , AAAAAAAA , AAAAAA , AA , 99999.9 , 999-999-9999 , 999-999-9999 , AAAAA.AAAAAAAAAAAAA@AAAAAAA.AAA , AAAA://AAA.AAAAAAAAAAAAAAAAA.AAA",-0.05876235066521829,-1
1475.0,Diane,Devreese,0.0,Acme Supply Co,1953 Telegraph Rd,0.0,Saint Joseph,Buchanan,MO,64504.0,816-557-9673,816-329-5565,diane@cox.net,http://www.acmesupplyco.com," cust_id , first_name , last_name , name , company_name , address_1 , address_2 , city , country , state , zip , phone1 , phone2 , email , web"," 9999.9 , AAAAA , AAAAAAAA , AAA , AAAA AAAAAA AA , 9999 AAAAAAAAA AA , AAA , AAAAA AAAAAA , AAAAAAAA , AA , 99999.9 , 999-999-9999 , 999-999-9999 , AAAAA@AAA.AAA , AAAA://AAA.AAAAAAAAAAAA.AAA",-0.06199479503136007,-1
1478.0,Rasheeda,Sayaphon,0.0,"Kummerer, J Michael Esq",251 Park Ave #979,0.0,Saratoga,Santa Clara,CA,95070.0,408-805-4309,408-997-7490,rasheeda@aol.com,http://www.kummererjmichaelesq.com," cust_id , first_name , last_name , name , company_name , address_1 , address_2 , city , country , state , zip , phone1 , phone2 , email , web"," 9999.9 , AAAAAAAA , AAAAAAAA , AAA , AAAAAAAA, A AAAAAAA AAA , 999 AAAA AAA #999 , AAA , AAAAAAAA , AAAAA AAAAA , AA , 99999.9 , 999-999-9999 , 999-999-9999 , AAAAAAAA@AAA.AAA , AAAA://AAA.AAAAAAAAAAAAAAAAAAA.AAA",-0.05386732512243031,-1
1480.0,Refugia,Jacobos,0.0,North Central Fl Sfty Cncl,2184 Worth St,0.0,Hayward,Alameda,CA,94545.0,510-974-8671,510-509-3496,refugia.jacobos@jacobos.com,http://www.northcentralflsftycncl.com," cust_id , first_name , last_name , name , company_name , address_1 , address_2 , city , country , state , zip , phone1 , phone2 , email , web"," 9999.9 , AAAAAAA , AAAAAAA , AAA , AAAAA AAAAAAA AA AAAA AAAA , 9999 AAAAA AA , AAA , AAAAAAA , AAAAAAA , AA , 99999.9 , 999-999-9999 , 999-999-9999 , AAAAAAA.AAAAAAA@AAAAAAA.AAA , AAAA://AAA.AAAAAAAAAAAAAAAAAAAAAA.AAA",-0.05478965220123455,-1
1482.0,Mona,Delasancha,0.0,,38773 Gravois Ave,0.0,Cheyenne,Laramie,WY,82001.0,307-403-1488,307-816-7115,mdelasancha@hotmail.com,http://www.signall.com," cust_id , first_name , last_name , name , company_name , address_1 , address_2 , city , country , state , zip , phone1 , phone2 , email , web"," 9999.9 , AAAA , AAAAAAAAAA , AAA , AAA , 99999 AAAAAAA AAA , AAA , AAAAAAAA , AAAAAAA , AA , 99999.9 , 999-999-9999 , 999-999-9999 , AAAAAAAAAAA@AAAAAAA.AAA , AAAA://AAA.AAAAAAA.AAA",-0.05481065867350743,-1
1487.0,Dorothy,Chesterfield,0.0,Cowan & Kelly,469 Outwater Ln,0.0,San Diego,San Diego,CA,92126.0,858-617-7834,858-732-1884,dorothy@cox.net,http://www.cowankelly.com," cust_id , first_name , last_name , name , company_name , address_1 , address_2 , city , country , state , zip , phone1 , phone2 , email , web"," 9999.9 , AAAAAAA , AAAAAAAAAAAA , AAA , AAAAA & AAAAA , 999 AAAAAAAA AA , AAA , AAA AAAAA , AAA AAAAA , AA , 99999.9 , 999-999-9999 , 999-999-9999 , AAAAAAA@AAA.AAA , AAAA://AAA.AAAAAAAAAA.AAA",-0.04494617328029016,-1
1491.0,Carlee,Boulter,0.0,"Tippett, Troy M Ii",8284 Hart St,0.0,Abilene,Dickinson,KS,67410.0,785-347-1805,785-253-7049,carlee.boulter@hotmail.com,," cust_id , first_name , last_name , name , company_name , address_1 , address_2 , city , country , state , zip , phone1 , phone2 , email , web"," 9999.9 , AAAAAA , AAAAAAA , AAA , AAAAAAA, AAAA A AA , 9999 AAAA AA , AAA , AAAAAAA , AAAAAAAAA , AA , 99999.9 , 999-999-9999 , 999-999-9999 , AAAAAA.AAAAAAA@AAAAAAA.AAA , AAA",-0.061062724744090024,-1
1492.0,Thaddeus,Ankeny,0.0,Atc Contracting,5 Washington St #1,0.0,Roseville,Placer,CA,95678.0,916-920-3571,916-459-2433,tankeny@ankeny.org,http://www.atccontracting.com," cust_id , first_name , last_name , name , company_name , address_1 , address_2 , city , country , state , zip , phone1 , phone2 , email , web"," 9999.9 , AAAAAAAA , AAAAAA , AAA , AAA AAAAAAAAAAA , 9 AAAAAAAAAA AA #9 , AAA , AAAAAAAAA , AAAAAA , AA , 99999.9 , 999-999-9999 , 999-999-9999 , AAAAAAA@AAAAAA.AAA , AAAA://AAA.AAAAAAAAAAAAAA.AAA",-0.05942005514087367,-1
1495.0,Lai,Harabedian,0.0,Buergi & Madden Scale,1933 Packer Ave #2,0.0,Novato,Marin,CA,94945.0,415-423-3294,415-926-6089,lai@gmail.com,http://www.buergimaddenscale.com," cust_id , first_name , last_name , name , company_name , address_1 , address_2 , city , country , state , zip , phone1 , phone2 , email , web"," 9999.9 , AAA , AAAAAAAAAA , AAA , AAAAAA & AAAAAA AAAAA , 9999 AAAAAA AAA #9 , AAA , AAAAAA , AAAAA , AA , 99999.9 , 999-999-9999 , 999-999-9999 , AAA@AAAAA.AAA , AAAA://AAA.AAAAAAAAAAAAAAAAA.AAA",-0.06147426804071465,-1
1496.0,Brittni,Gillaspie,0.0,Inner Label,67 Rv Cent,0.0,Boise,Ada,ID,83709.0,208-709-1235,208-206-9848,bgillaspie@gillaspie.com,http://www.innerlabel.com," cust_id , first_name , last_name , name , company_name , address_1 , address_2 , city , country , state , zip , phone1 , phone2 , email , web"," 9999.9 , AAAAAAA , AAAAAAAAA , AAA , AAAAA AAAAA , 99 AA AAAA , AAA , AAAAA , AAA , AA , 99999.9 , 999-999-9999 , 999-999-9999 , AAAAAAAAAA@AAAAAAAAA.AAA , AAAA://AAA.AAAAAAAAAA.AAA",-0.05884278603756343,-1
1498.0,Flo,Bookamer,0.0,Simonton Howe & Schneider Pc,89992 E 15th St,0.0,Alliance,Box Butte,NE,69301.0,308-726-2182,308-250-6987,flo.bookamer@cox.net,http://www.simontonhoweschneiderpc.com," cust_id , first_name , last_name , name , company_name , address_1 , address_2 , city , country , state , zip , phone1 , phone2 , email , web"," 9999.9 , AAA , AAAAAAAA , AAA , AAAAAAAA AAAA & AAAAAAAAA AA , 99999 A 99AA AA , AAA , AAAAAAAA , AAA AAAAA , AA , 99999.9 , 999-999-9999 , 999-999-9999 , AAA.AAAAAAAA@AAA.AAA , AAAA://AAA.AAAAAAAAAAAAAAAAAAAAAAA.AAA",-0.0618013871005787,-1
1499.0,Jani,Biddy,0.0,Warehouse Office & Paper Prod,61556 W 20th Ave,0.0,Seattle,King,WA,98104.0,206-711-6498,206-395-6284,jbiddy@yahoo.com,http://www.warehouseofficepaperprod.com," cust_id , first_name , last_name , name , company_name , address_1 , address_2 , city , country , state , zip , phone1 , phone2 , email , web"," 9999.9 , AAAA , AAAAA , AAA , AAAAAAAAA AAAAAA & AAAAA AAAA , 99999 A 99AA AAA , AAA , AAAAAAA , AAAA , AA , 99999.9 , 999-999-9999 , 999-999-9999 , AAAAAA@AAAAA.AAA , AAAA://AAA.AAAAAAAAAAAAAAAAAAAAAAAA.AAA",-0.09634549956169647,-1
105.0,Lisbeth,Creecy,0.0,"Gerstenfeld, Gerald F Esq",484 Barry St,0.0,Shiney Row Ward,County Durham,DH4 7RG,0.0,01931-620849,01825-623398,lcreecy@gmail.com,http://www.gerstenfeldgeraldfesq.co.uk," cust_id , first_name , last_name , name , company_name , address_1 , address_2 , city , country , state , zip , phone1 , phone2 , email , web"," 999.9 , AAAAAAA , AAAAAA , AAA , AAAAAAAAAAA, AAAAAA A AAA , 999 AAAAA AA , AAA , AAAAAA AAA AAAA , AAAAAA AAAAAA , AA9 9AA , AAA , 99999-999999 , 99999-999999 , AAAAAAA@AAAAA.AAA , AAAA://AAA.AAAAAAAAAAAAAAAAAAAAA.AA.AA",-0.09072665301623395,-1
0.0,Alyssa,Ansbro,0.0,"Berg, Michael D Esq",85 Hero St,0.0,Stanhope,County Durham,DL13 2TZ,0.0,01632-887825,01585-967862,alyssa_ansbro@gmail.com,http://www.bergmichaeldesq.co.uk," cust_id , first_name , last_name , name , company_name , address_1 , address_2 , city , country , state , zip , phone1 , phone2 , email , web"," AAA , AAAAAA , AAAAAA , AAA , AAAA, AAAAAAA A AAA , 99 AAAA AA , AAA , AAAAAAAA , AAAAAA AAAAAA , AA99 9AA , AAA , 99999-999999 , 99999-999999 , AAAAAA_AAAAAA@AAAAA.AAA , AAAA://AAA.AAAAAAAAAAAAAAA.AA.AA",-0.0923457665461106,-1
0.0,Kyoko,Mcmillian,0.0,Nature Conservancy,77 Reading St #8,0.0,North Tawton,Devon,EX20 2TR,0.0,01235-173362,01371-735347,kyoko_mcmillian@gmail.com,http://www.natureconservancy.co.uk," cust_id , first_name , last_name , name , company_name , address_1 , address_2 , city , country , state , zip , phone1 , phone2 , email , web"," AAA , AAAAA , AAAAAAAAA , AAA , AAAAAA AAAAAAAAAAA , 99 AAAAAAA AA #9 , AAA , AAAAA AAAAAA , AAAAA , AA99 9AA , AAA , 99999-999999 , 99999-999999 , AAAAA_AAAAAAAAA@AAAAA.AAA , AAAA://AAA.AAAAAAAAAAAAAAAAA.AA.AA",-0.0923457665461106,-1
0.0,Terry,Gauthier,0.0,"Walker, Susan S Esq",274 Altcar Ave,0.0,Catterick,North Yorkshire,DL10 7NU,0.0,01555-550015,01793-79131,tgauthier@yahoo.com,http://www.walkersusansesq.co.uk," cust_id , first_name , last_name , name , company_name , address_1 , address_2 , city , country , state , zip , phone1 , phone2 , email , web"," AAA , AAAAA , AAAAAAAA , AAA , AAAAAA, AAAAA A AAA , 999 AAAAAA AAA , AAA , AAAAAAAAA , AAAAA AAAAAAAAA , AA99 9AA , AAA , 99999-999999 , 99999-99999 , AAAAAAAAA@AAAAA.AAA , AAAA://AAA.AAAAAAAAAAAAAAA.AA.AA",-0.0923457665461106,-1
0.0,Sena,Langenbach,0.0,Alternative Collection Svc Inc,38 Avondale Rd #79,0.0,Kilmersdon,Somerset,BA3 5SJ,0.0,01756-678490,01836-695245,sena.langenbach@hotmail.com,http://www.alternativecollectionsvcinc.co.uk," cust_id , first_name , last_name , name , company_name , address_1 , address_2 , city , country , state , zip , phone1 , phone2 , email , web"," AAA , AAAA , AAAAAAAAAA , AAA , AAAAAAAAAAA AAAAAAAAAA AAA AAA , 99 AAAAAAAA AA #99 , AAA , AAAAAAAAAA , AAAAAAAA , AA9 9AA , AAA , 99999-999999 , 99999-999999 , AAAA.AAAAAAAAAA@AAAAAAA.AAA , AAAA://AAA.AAAAAAAAAAAAAAAAAAAAAAAAAAA.AA.AA",-0.0923457665461106,-1
620.0,Rodrigo,Hawkin,0.0,"Godfroy, William Esq",661 Great Crosshall St,0.0,Forth Ward,City of Edinburgh,,0.0,01936-611490,01280-275755,rodrigo@hotmail.com,http://www.godfroywilliamesq.co.uk," cust_id , first_name , last_name , name , company_name , address_1 , address_2 , city , country , state , zip , phone1 , phone2 , email , web"," 999.9 , AAAAAAA , AAAAAA , AAA , AAAAAAA, AAAAAAA AAA , 999 AAAAA AAAAAAAAA AA , AAA , AAAAA AAAA , AAAA AA AAAAAAAAA , AAA , AAA , 99999-999999 , 99999-999999 , AAAAAAA@AAAAAAA.AAA , AAAA://AAA.AAAAAAAAAAAAAAAAA.AA.AA",-0.0931047217570471,-1
636.0,Emily,Pogorelc,0.0,Mccartney Printing Services,5196 York St,0.0,Orsett Ward,Essex,SS17 8NS,0.0,01416-913482,01439-493163,emily.pogorelc@yahoo.com,http://www.mccartneyprintingservices.co.uk," cust_id , first_name , last_name , name , company_name , address_1 , address_2 , city , country , state , zip , phone1 , phone2 , email , web"," 999.9 , AAAAA , AAAAAAAA , AAA , AAAAAAAAA AAAAAAAA AAAAAAAA , 9999 AAAA AA , AAA , AAAAAA AAAA , AAAAA , AA99 9AA , AAA , 99999-999999 , 99999-999999 , AAAAA.AAAAAAAA@AAAAA.AAA , AAAA://AAA.AAAAAAAAAAAAAAAAAAAAAAAAA.AA.AA",-0.09115776120538899,-1
155.0,Crista,Viengxay,0.0,Green Point Savings Bank,1554 Christopher St,0.0,Everton Ward,Merseyside,L6 1BG,0.0,,01584-387727,crista@yahoo.com,http://www.greenpointsavingsbank.co.uk," cust_id , first_name , last_name , name , company_name , address_1 , address_2 , city , country , state , zip , phone1 , phone2 , email , web"," 999.9 , AAAAAA , AAAAAAAA , AAA , AAAAA AAAAA AAAAAAA AAAA , 9999 AAAAAAAAAAA AA , AAA , AAAAAAA AAAA , AAAAAAAAAA , A9 9AA , AAA , AAA , 99999-999999 , AAAAAA@AAAAA.AAA , AAAA://AAA.AAAAAAAAAAAAAAAAAAAAA.AA.AA",-0.10280227601284908,-1
170.0,,Jessie,0.0,"Haney, Tom C Md",9548 Ogwen St #84,0.0,Baguley Ward,Greater Manchester,,0.0,01740-739731,01598-368995,ashley_jessie@jessie.co.uk,http://www.haneytomcmd.co.uk," cust_id , first_name , last_name , name , company_name , address_1 , address_2 , city , country , state , zip , phone1 , phone2 , email , web"," 999.9 , AAA , AAAAAA , AAA , AAAAA, AAA A AA , 9999 AAAAA AA #99 , AAA , AAAAAAA AAAA , AAAAAAA AAAAAAAAAA , AAA , AAA , 99999-999999 , 99999-999999 , AAAAAA_AAAAAA@AAAAAA.AA.AA , AAAA://AAA.AAAAAAAAAAA.AA.AA",-0.1037908653498818,-1
0.0,Kattie,Ozane,0.0,"Page, Patricia A Esq",526 Liffey St #759,0.0,Westbury,Wiltshire,BA13 3QU,0.0,01322-491007,01807-524286,kozane@gmail.com,http://www.pagepatriciaaesq.co.uk," cust_id , first_name , last_name , name , company_name , address_1 , address_2 , city , country , state , zip , phone1 , phone2 , email , web"," AAA , AAAAAA , AAAAA , AAA , AAAA, AAAAAAAA A AAA , 999 AAAAAA AA #999 , AAA , AAAAAAAA , AAAAAAAAA , AA99 9AA , AAA , 99999-999999 , 99999-999999 , AAAAAA@AAAAA.AAA , AAAA://AAA.AAAAAAAAAAAAAAAA.AA.AA",-0.0923457665461106,-1
0.0,,,0.0,Metro Press,4 Pedretti Ave #2,0.0,Saskatoon,SK,S7H 1X9,0.0,,306-438-8135,darrin@tumolillo.com,http://www.metropress.com," cust_id , first_name , last_name , name , company_name , address_1 , address_2 , city , country , state , zip , phone1 , phone2 , email , web"," AAA , AAA , AAA , AAA , AAAAA AAAAA , 9 AAAAAAAA AAA #9 , AAA , AAAAAAAAA , AA , A9A 9A9 , AAA , AAA , 999-999-9999 , AAAAAA@AAAAAAAAA.AAA , AAAA://AAA.AAAAAAAAAA.AAA",-0.0923457665461106,-1
0.0,,Rudig,0.0,Ramsey Secretarial Service,,0.0,Otterburn Park,QC,J3H 4V8,0.0,450-347-6388,450-586-7429,freeman@yahoo.com,http://www.ramseysecretarialservice.com," cust_id , first_name , last_name , name , company_name , address_1 , address_2 , city , country , state , zip , phone1 , phone2 , email , web"," AAA , AAA , AAAAA , AAA , AAAAAA AAAAAAAAAAA AAAAAAA , AAA , AAA , AAAAAAAAA AAAA , AA , A9A 9A9 , AAA , 999-999-9999 , 999-999-9999 , AAAAAAA@AAAAA.AAA , AAAA://AAA.AAAAAAAAAAAAAAAAAAAAAAAA.AAA",-0.0923457665461106,-1
0.0,Eric,Gazzola,0.0,Moriah Fund Inc,732 Congress St,0.0,Saint-Georges,QC,G5Z 0N4,0.0,418-274-7373,418-389-1370,eric@cox.net,http://www.moriahfundinc.com," cust_id , first_name , last_name , name , company_name , address_1 , address_2 , city , country , state , zip , phone1 , phone2 , email , web"," AAA , AAAA , AAAAAAA , AAA , AAAAAA AAAA AAA , 999 AAAAAAAA AA , AAA , AAAAA-AAAAAAA , AA , A9A 9A9 , AAA , 999-999-9999 , 999-999-9999 , AAAA@AAA.AAA , AAAA://AAA.AAAAAAAAAAAAA.AAA",-0.0923457665461106,-1
0.0,,,0.0,Management Protection Services,45 W 21st St,0.0,Unionville,ON,L3R 2H1,0.0,905-638-1034,905-780-4717,lottie_hegdahl@aol.com,," cust_id , first_name , last_name , name , company_name , address_1 , address_2 , city , country , state , zip , phone1 , phone2 , email , web"," AAA , AAA , AAA , AAA , AAAAAAAAAA AAAAAAAAAA AAAAAAAA , 99 A 99AA AA , AAA , AAAAAAAAAA , AA , A9A 9A9 , AAA , 999-999-9999 , 999-999-9999 , AAAAAA_AAAAAAA@AAA.AAA , AAA",-0.0923457665461106,-1
0.0,,Kylish,0.0,Nicks Printing,93 Law Dr,0.0,Pierrefonds,QC,H9J 1W6,0.0,514-211-3774,514-504-3039,jose.kylish@aol.com,http://www.nicksprinting.com," cust_id , first_name , last_name , name , company_name , address_1 , address_2 , city , country , state , zip , phone1 , phone2 , email , web"," AAA , AAA , AAAAAA , AAA , AAAAA AAAAAAAA , 99 AAA AA , AAA , AAAAAAAAAAA , AA , A9A 9A9 , AAA , 999-999-9999 , 999-999-9999 , AAAA.AAAAAA@AAA.AAA , AAAA://AAA.AAAAAAAAAAAAA.AAA",-0.0923457665461106,-1
0.0,Nydia,Ancar,0.0,C C Industries,5 Pittsford Victor Rd,0.0,Edmonton,AB,T5V 1M7,0.0,780-924-8022,780-910-8459,nydia.ancar@ancar.com,http://www.ccindustries.com," cust_id , first_name , last_name , name , company_name , address_1 , address_2 , city , country , state , zip , phone1 , phone2 , email , web"," AAA , AAAAA , AAAAA , AAA , A A AAAAAAAAAA , 9 AAAAAAAAA AAAAAA AA , AAA , AAAAAAAA , AA , A9A 9A9 , AAA , 999-999-9999 , 999-999-9999 , AAAAA.AAAAA@AAAAA.AAA , AAAA://AAA.AAAAAAAAAAAA.AAA",-0.0923457665461106,-1
0.0,Hana,Meisel,0.0,"Whitehead, David Barry Esq",6 E Rand Rd #73,0.0,Calgary,AB,T2J 1G9,0.0,403-696-7108,403-666-1982,hana.meisel@yahoo.com,http://www.whiteheaddavidbarryesq.com," cust_id , first_name , last_name , name , company_name , address_1 , address_2 , city , country , state , zip , phone1 , phone2 , email , web"," AAA , AAAA , AAAAAA , AAA , AAAAAAAAA, AAAAA AAAAA AAA , 9 A AAAA AA #99 , AAA , AAAAAAA , AA , A9A 9A9 , AAA , 999-999-9999 , 999-999-9999 , AAAA.AAAAAA@AAAAA.AAA , AAAA://AAA.AAAAAAAAAAAAAAAAAAAAAA.AAA",-0.0923457665461106,-1
241.0,Mable,Goerke,0.0,Detroit Newspapers,7 Woodbridge Ave,0.0,Toronto,ON,M6P 2V5,0.0,416-867-5879,416-871-4317,mable_goerke@cox.net,http://www.detroitnewspapers.com," cust_id , first_name , last_name , name , company_name , address_1 , address_2 , city , country , state , zip , phone1 , phone2 , email , web"," 999.9 , AAAAA , AAAAAA , AAA , AAAAAAA AAAAAAAAAA , 9 AAAAAAAAAA AAA , AAA , AAAAAAA , AA , A9A 9A9 , AAA , 999-999-9999 , 999-999-9999 , AAAAA_AAAAAA@AAA.AAA , AAAA://AAA.AAAAAAAAAAAAAAAAA.AAA",-0.10781736058163727,-1
214.0,Sabine,Kaea,0.0,"Westerman, Bryan",48 Lower Ragsdale Dr #1349,0.0,Brampton,ON,L6W 1A8,0.0,905-586-1138,905-717-7451,sabine@gmail.com,http://www.westermanbryan.com," cust_id , first_name , last_name , name , company_name , address_1 , address_2 , city , country , state , zip , phone1 , phone2 , email , web"," 999.9 , AAAAAA , AAAA , AAA , AAAAAAAAA, AAAAA , 99 AAAAA AAAAAAAA AA #9999 , AAA , AAAAAAAA , AA , A9A 9A9 , AAA , 999-999-9999 , 999-999-9999 , AAAAAA@AAAAA.AAA , AAAA://AAA.AAAAAAAAAAAAAA.AAA",-0.1076110949174599,-1
246.0,Davida,Zeng,0.0,"Conway, John J Esq",8881 Hopkins St,0.0,,,J5J 2B5,0.0,450-375-8192,450-274-3903,,http://www.conwayjohnjesq.com," cust_id , first_name , last_name , name , company_name , address_1 , address_2 , city , country , state , zip , phone1 , phone2 , email , web"," 999.9 , AAAAAA , AAAA , AAA , AAAAAA, AAAA A AAA , 9999 AAAAAAA AA , AAA , AAA , AAA , A9A 9A9 , AAA , 999-999-9999 , 999-999-9999 , AAA , AAAA://AAA.AAAAAAAAAAAAAA.AAA",-0.1098094688261716,-1
0.0,Angelyn,Wieand,0.0,Edith Flagg Inc,79 Craig Rd,0.0,Brampton,ON54245,L6X 0E3,0.0,905-838-314,905-637-2696,angelyn_wieand@wieand.com,http://www.edithflagginc.com," cust_id , first_name , last_name , name , company_name , address_1 , address_2 , city , country , state , zip , phone1 , phone2 , email , web"," AAA , AAAAAAA , AAAAAA , AAA , AAAAA AAAAA AAA , 99 AAAAA AA , AAA , AAAAAAAA , AA99999 , A9A 9A9 , AAA , 999-999-999 , 999-999-9999 , AAAAAAA_AAAAAA@AAAAAA.AAA , AAAA://AAA.AAAAAAAAAAAAA.AAA",-0.0923457665461106,-1
0.0,Kindra,Dishong,0.0,"Mcclanathan, Peter D Esq",4 Sutton Ln,0.0,Nepean,ON,K2E 6A5,0.0,613-510-3295,613-620-3122,kdishong@gmail.com,http://www.mcclanathanpeterdesq.com," cust_id , first_name , last_name , name , company_name , address_1 , address_2 , city , country , state , zip , phone1 , phone2 , email , web"," AAA , AAAAAA , AAAAAAA , AAA , AAAAAAAAAAA, AAAAA A AAA , 9 AAAAAA AA , AAA , AAAAAA , AA , A9A 9A9 , AAA , 999-999-9999 , 999-999-9999 , AAAAAAAA@AAAAA.AAA , AAAA://AAA.AAAAAAAAAAAAAAAAAAAA.AAA",-0.0923457665461106,-1
247.0,Susana,Mccarley,0.0,Kinkos Copies,7 S Quebec,0.0,Windsor,ON,N9E 2G5,0.0,,519-394-8785,susana_mccarley@gmail.com,http://www.kinkoscopies.com," cust_id , first_name , last_name , name , company_name , address_1 , address_2 , city , country , state , zip , phone1 , phone2 , email , web"," 999.9 , AAAAAA , AAAAAAAA , AAA , AAAAAA AAAAAA , 9 A AAAAAA , AAA , AAAAAAA , AA , A9A 9A9 , AAA , AAA , 999-999-9999 , AAAAAA_AAAAAAAA@AAAAA.AAA , AAAA://AAA.AAAAAAAAAAAA.AAA",-0.112807758203466,-1
241.0,Lajuana,Mccloud,0.0,Cesena Printg E Side Printg Co,,0.0,Saint-Thomas,77,J0K 3L0,0.0,450-272-6370,450-704-8629,lajuana_mccloud@hotmail.com,http://www.cesenaprintgesideprintgco.com," cust_id , first_name , last_name , name , company_name , address_1 , address_2 , city , country , state , zip , phone1 , phone2 , email , web"," 999.9 , AAAAAAA , AAAAAAA , AAA , AAAAAA AAAAAA A AAAA AAAAAA AA , AAA , AAA , AAAAA-AAAAAA , 99 , A9A 9A9 , AAA , 999-999-9999 , 999-999-9999 , AAAAAAA_AAAAAAA@AAAAAAA.AAA , AAAA://AAA.AAAAAAAAAAAAAAAAAAAAAAAAA.AAA",-0.10781736058163727,-1
2496.0,Erin,Delbosque,0.0,Curtiss Wright Corp,357 W Mount Royal Ave,0.0,,QC,J4M 2A8,0.0,450-316-7813,450-491-8703,erin@cox.net,http://www.curtisswrightcorp.com," cust_id , first_name , last_name , name , company_name , address_1 , address_2 , city , country , state , zip , phone1 , phone2 , email , web"," 9999.9 , AAAA , AAAAAAAAA , AAA , AAAAAAA AAAAAA AAAA , 999 A AAAAA AAAAA AAA , AAA , AAA , AA , A9A 9A9 , AAA , 999-999-9999 , 999-999-9999 , AAAA@AAA.AAA , AAAA://AAA.AAAAAAAAAAAAAAAAA.AAA",0.01826703119081996,-1
2497.0,Kassandra,Marushia,0.0,Phelps Tool & Die Co Inc,123 Euclid Ave #9396,0.0,Nanaimo,BC,V9R 1C9,0.0,250-646-6446,250-571-5058,kassandra@gmail.com,http://www.phelpstooldiecoinc.com," cust_id , first_name , last_name , name , company_name , address_1 , address_2 , city , country , state , zip , phone1 , phone2 , email , web"," 9999.9 , AAAAAAAAA , AAAAAAAA , AAA , AAAAAA AAAA & AAA AA AAA , 999 AAAAAA AAA #9999 , AAA , AAAAAAA , AA , A9A 9A9 , AAA , 999-999-9999 , 999-999-9999 , AAAAAAAAA@AAAAA.AAA , AAAA://AAA.AAAAAAAAAAAAAAAAAA.AAA",0.015789727416403165,-1
2498.0,Leslee,Matsuno,0.0,Factory Mattress Outlet,1251 E Main St #990,0.0,Quebec,QC,G1H 1A6,0.0,418-460-5773,418-543-9015,leslee_matsuno@matsuno.org,http://www.factorymattressoutlet.com," cust_id , first_name , last_name , name , company_name , address_1 , address_2 , city , country , state , zip , phone1 , phone2 , email , web"," 9999.9 , AAAAAA , AAAAAAA , AAA , AAAAAAA AAAAAAAA AAAAAA , 9999 A AAAA AA #999 , AAA , AAAAAA , AA , A9A 9A9 , AAA , 999-999-9999 , 999-999-9999 , AAAAAA_AAAAAAA@AAAAAAA.AAA , AAAA://AAA.AAAAAAAAAAAAAAAAAAAAA.AAA",0.008177144178811102,-1
249.0,Daniel,Dobler,0.0,Cosgroves N End Plbg & Hdwr Co,259 W 17th St #39,0.0,Beresford,NB,E8K 1B7,0.0,506-617-2607,506-951-8403,ddobler@dobler.com,http://www.cosgrovesnendplbghdwrco.com," cust_id , first_name , last_name , name , company_name , address_1 , address_2 , city , country , state , zip , phone1 , phone2 , email , web"," 999.9 , AAAAAA , AAAAAA , AAA , AAAAAAAAA A AAA AAAA & AAAA AA , 999 A 99AA AA #99 , AAA , AAAAAAAAA , AA , A9A 9A9 , AAA , 999-999-9999 , 999-999-9999 , AAAAAAA@AAAAAA.AAA , AAAA://AAA.AAAAAAAAAAAAAAAAAAAAAAA.AAA",-0.112807758203466,-1
2500.0,Antonio,Unruh,0.0,Mission Lincoln Properties,9 Route 38,0.0,,BC,V3C 2Z4,0.0,604-624-7690,,antonio.unruh@hotmail.com,http://www.missionlincolnproperties.com," cust_id , first_name , last_name , name , company_name , address_1 , address_2 , city , country , state , zip , phone1 , phone2 , email , web"," 9999.9 , AAAAAAA , AAAAA , AAA , AAAAAAA AAAAAAA AAAAAAAAAA , 9 AAAAA 99 , AAA , AAA , AA , A9A 9A9 , AAA , 999-999-9999 , AAA , AAAAAAA.AAAAA@AAAAAAA.AAA , AAAA://AAA.AAAAAAAAAAAAAAAAAAAAAAAA.AAA",0.008177144178811102,-1
1001.0,James,Butt,0.0,"Benton,        John ",6649 N Blue Gum St$$,0.0,New Orleans,Orleans,LA,70116.0,504-621-8927,504-845-1427,jbutt@gmail.com,http://www.bentonjohnbjr.com," cust_id , first_name , last_name , name , company_name , address_1 , address_2 , city , country , state , zip , phone1 , phone2 , email , web"," 9999.9 , AAAAA , AAAA , AAA , AAAAAA,        AAAA  , 9999 A AAAA AAA AA$$ , AAA , AAA AAAAAAA , AAAAAAA , AA , 99999.9 , 999-999-9999 , 999-999-9999 , AAAAA@AAAAA.AAA , AAAA://AAA.AAAAAAAAAAAAA.AAA",-0.028726503735031828,-1
1002.0,Josephine,Darakjy,0.0,"Chanay, Jeffrey A Esq         ",4 B Blue Ridge Blvd,0.0,Brighton,Livingston,MI,48116.0,810-292-9388,810-374-9840,josephine_darakjy@darakjy.org,http://www.chanayjeffreyaesq.com," cust_id , first_name , last_name , name , company_name , address_1 , address_2 , city , country , state , zip , phone1 , phone2 , email , web"," 9999.9 , AAAAAAAAA , AAAAAAA , AAA , AAAAAA, AAAAAAA A AAA          , 9 A AAAA AAAAA AAAA , AAA , AAAAAAAA , AAAAAAAAAA , AA , 99999.9 , 999-999-9999 , 999-999-9999 , AAAAAAAAA_AAAAAAA@AAAAAAA.AAA , AAAA://AAA.AAAAAAAAAAAAAAAAA.AAA",-0.03879672734307704,-1
1004.0,Lenna,Paprocki,0.0,Feltz Printing Service,639 Main St$$,0.0,Anchorage,Anchorage,AK,99501.0,907-385-4412,907-921-2010,lpaprocki@hotmail.com,http://www.feltzprintingservice.com," cust_id , first_name , last_name , name , company_name , address_1 , address_2 , city , country , state , zip , phone1 , phone2 , email , web"," 9999.9 , AAAAA , AAAAAAAA , AAA , AAAAA AAAAAAAA AAAAAAA , 999 AAAA AA$$ , AAA , AAAAAAAAA , AAAAAAAAA , AA , 99999.9 , 999-999-9999 , 999-999-9999 , AAAAAAAAA@AAAAAAA.AAA , AAAA://AAA.AAAAAAAAAAAAAAAAAAAA.AAA",-0.0842323595444705,-1
1007.0,Mitsue,Tollner,0.0,,7 Eads St,0.0,Chicago,Cook,IL,60632.0,773-573-6914,773-924-8565,mitsue_tollner@yahoo.com,http://www.morlongassociates.com," cust_id , first_name , last_name , name , company_name , address_1 , address_2 , city , country , state , zip , phone1 , phone2 , email , web"," 9999.9 , AAAAAA , AAAAAAA , AAA , AAA , 9 AAAA AA , AAA , AAAAAAA , AAAA , AA , 99999.9 , 999-999-9999 , 999-999-9999 , AAAAAA_AAAAAAA@AAAAA.AAA , AAAA://AAA.AAAAAAAAAAAAAAAAA.AAA",-0.03657817144597386,-1
1008.0,Leota,Dilliard,0.0,Commercial Press,7 W Jackson Blvd,0.0,San Jose,Santa Clara,CA,95111.0,408-752-3500,408-813-1105,leota@hotmail.com,http://www.commercialpress.com," cust_id , first_name , last_name , name , company_name , address_1 , address_2 , city , country , state , zip , phone1 , phone2 , email , web"," 9999.9 , AAAAA , AAAAAAAA , AAA , AAAAAAAAAA AAAAA , 9 A AAAAAAA AAAA , AAA , AAA AAAA , AAAAA AAAAA , AA , 99999.9 , 999-999-9999 , 999-999-9999 , AAAAA@AAAAAAA.AAA , AAAA://AAA.AAAAAAAAAAAAAAA.AAA",-0.013164945904315717,-1
1009.0,Sage,Wieser,0.0,Truhlar And Truhlar Attys,5 Boston Ave #88,0.0,Sioux Falls,Minnehaha,SD,57105.0,605-414-2147,605-794-4895,sage_wieser@cox.net,http://www.truhlarandtruhlarattys.com," cust_id , first_name , last_name , name , company_name , address_1 , address_2 , city , country , state , zip , phone1 , phone2 , email , web"," 9999.9 , AAAA , AAAAAA , AAA , AAAAAAA AAA AAAAAAA AAAAA , 9 AAAAAA AAA #99 , AAA , AAAAA AAAAA , AAAAAAAAA , AA , 99999.9 , 999-999-9999 , 999-999-9999 , AAAA_AAAAAA@AAA.AAA , AAAA://AAA.AAAAAAAAAAAAAAAAAAAAAA.AAA",-0.04380367410234132,-1
1013.0,Kiley,Caldarera,0.0,,25 E 75th St #69,0.0,Los Angeles,Los Angeles,CA,90034.0,310-498-5651,310-254-3084,kiley.caldarera@aol.com,http://www.feinerbros.com," cust_id , first_name , last_name , name , company_name , address_1 , address_2 , city , country , state , zip , phone1 , phone2 , email , web"," 9999.9 , AAAAA , AAAAAAAAA , AAA , AAA , 99 A 99AA AA #99 , AAA , AAA AAAAAAA , AAA AAAAAAA , AA , 99999.9 , 999-999-9999 , 999-999-9999 , AAAAA.AAAAAAAAA@AAA.AAA , AAAA://AAA.AAAAAAAAAA.AAA",-0.010724574900377482,-1
1015.0,Cammy,Albares,0.0,"Rousseaux, Michael Esq         ",56 E Morehead St,0.0,Laredo,Webb,TX,78045.0,956-537-6195,956-841-7216,calbares@gmail.com,http://www.rousseauxmichaelesq.com," cust_id , first_name , last_name , name , company_name , address_1 , address_2 , city , country , state , zip , phone1 , phone2 , email , web"," 9999.9 , AAAAA , AAAAAAA , AAA , AAAAAAAAA, AAAAAAA AAA          , 99 A AAAAAAAA AA , AAA , AAAAAA , AAAA , AA , 99999.9 , 999-999-9999 , 999-999-9999 , AAAAAAAA@AAAAA.AAA , AAAA://AAA.AAAAAAAAAAAAAAAAAAA.AAA",-0.015365103749531817,-1
1016.0,Mattie,Poquette,0.0,Century Communications,73 State Road 434 E,0.0,Phoenix,Maricopa,AZ,85013.0,602-277-4385,602-953-6360,mattie@aol.com,http://www.centurycommunications.com," cust_id , first_name , last_name , name , company_name , address_1 , address_2 , city , country , state , zip , phone1 , phone2 , email , web"," 9999.9 , AAAAAA , AAAAAAAA , AAA , AAAAAAA AAAAAAAAAAAAAA , 99 AAAAA AAAA 999 A , AAA , AAAAAAA , AAAAAAAA , AA , 99999.9 , 999-999-9999 , 999-999-9999 , AAAAAA@AAA.AAA , AAAA://AAA.AAAAAAAAAAAAAAAAAAAAA.AAA",-0.025937715905167358,-1
1020.0,Fletcher,Flosi,0.0,Post Box Services Plus,394 Manchester Blvd,0.0,Rockford,Winnebago,IL,61109.0,815-828-2147,815-426-5657,fletcher.flosi@yahoo.com,http://www.postboxservicesplus.com," cust_id , first_name , last_name , name , company_name , address_1 , address_2 , city , country , state , zip , phone1 , phone2 , email , web"," 9999.9 , AAAAAAAA , AAAAA , AAA , AAAA AAA AAAAAAAA AAAA , 999 AAAAAAAAAA AAAA , AAA , AAAAAAAA , AAAAAAAAA , AA , 99999.9 , 999-999-9999 , 999-999-9999 , AAAAAAAA.AAAAA@AAAAA.AAA , AAAA://AAA.AAAAAAAAAAAAAAAAAAA.AAA",-0.03586654736794259,-1
1022.0,Veronika,Inouye,0.0,C 4 Network Inc,6 Greenleaf Ave,0.0,San Jose,Santa Clara,CA,95111.0,408-540-1785,408-813-4592,vinouye@aol.com,http://www.cnetworkinc.com," cust_id , first_name , last_name , name , company_name , address_1 , address_2 , city , country , state , zip , phone1 , phone2 , email , web"," 9999.9 , AAAAAAAA , AAAAAA , AAA , A 9 AAAAAAA AAA , 9 AAAAAAAAA AAA , AAA , AAA AAAA , AAAAA AAAAA , AA , 99999.9 , 999-999-9999 , 999-999-9999 , AAAAAAA@AAA.AAA , AAAA://AAA.AAAAAAAAAAA.AAA",-0.011254816829593395,-1
1023.0,Willard,Kolmetz,0.0,"Ingalls, Donald R Esq",618 W Yakima Ave,0.0,Irving,Dallas,TX,75062.0,972-303-9197,972-896-4882,willard@hotmail.com,http://www.ingallsdonaldresq.com," cust_id , first_name , last_name , name , company_name , address_1 , address_2 , city , country , state , zip , phone1 , phone2 , email , web"," 9999.9 , AAAAAAA , AAAAAAA , AAA , AAAAAAA, AAAAAA A AAA , 999 A AAAAAA AAA , AAA , AAAAAA , AAAAAA , AA , 99999.9 , 999-999-9999 , 999-999-9999 , AAAAAAA@AAAAAAA.AAA , AAAA://AAA.AAAAAAAAAAAAAAAAA.AAA",-0.01797921527631241,-1
1027.0,Chanel,Caudy,0.0,Professional Image Inc,86 Nw 66th St #8673,0.0,Shawnee,Johnson,KS,66218.0,913-388-2079,913-899-1103,chanel.caudy@caudy.org,http://www.professionalimageinc.com," cust_id , first_name , last_name , name , company_name , address_1 , address_2 , city , country , state , zip , phone1 , phone2 , email , web"," 9999.9 , AAAAAA , AAAAA , AAA , AAAAAAAAAAAA AAAAA AAA , 99 AA 99AA AA #9999 , AAA , AAAAAAA , AAAAAAA , AA , 99999.9 , 999-999-9999 , 999-999-9999 , AAAAAA.AAAAA@AAAAA.AAA , AAAA://AAA.AAAAAAAAAAAAAAAAAAAA.AAA",-0.01710666538709782,-1
1030.0,Bernardo,Figeroa,0.0,,386 9th Ave N,0.0,Conroe,Montgomery,TX,77301.0,936-336-3951,936-597-3614,bfigeroa@aol.com,http://www.clarkrichardcpa.com," cust_id , first_name , last_name , name , company_name , address_1 , address_2 , city , country , state , zip , phone1 , phone2 , email , web"," 9999.9 , AAAAAAAA , AAAAAAA , AAA , AAA , 999 9AA AAA A , AAA , AAAAAA , AAAAAAAAAA , AA , 99999.9 , 999-999-9999 , 999-999-9999 , AAAAAAAA@AAA.AAA , AAAA://AAA.AAAAAAAAAAAAAAA.AAA",-0.012761582744511224,-1
1032.0,Francine,Vocelka,0.0,Cascade Realty Advisors Inc,366 South Dr,0.0,Las Cruces,Dona Ana,NM,88011.0,505-977-3911,505-335-5293,francine_vocelka@vocelka.com,http://www.cascaderealtyadvisorsinc.com," cust_id , first_name , last_name , name , company_name , address_1 , address_2 , city , country , state , zip , phone1 , phone2 , email , web"," 9999.9 , AAAAAAAA , AAAAAAA , AAA , AAAAAAA AAAAAA AAAAAAAA AAA , 999 AAAAA AA , AAA , AAA AAAAAA , AAAA AAA , AA , 99999.9 , 999-999-9999 , 999-999-9999 , AAAAAAAA_AAAAAAA@AAAAAAA.AAA , AAAA://AAA.AAAAAAAAAAAAAAAAAAAAAAAA.AAA",-0.01418723197959515,-1
1036.0,Solange,Shinko,0.0,,426 Wolf St,0.0,Metairie,Jefferson,LA,70002.0,504-979-9175,504-265-8174,solange@shinko.com,http://www.mosoccoronalda.com," cust_id , first_name , last_name , name , company_name , address_1 , address_2 , city , country , state , zip , phone1 , phone2 , email , web"," 9999.9 , AAAAAAA , AAAAAA , AAA , AAA , 999 AAAA AA , AAA , AAAAAAAA , AAAAAAAAA , AA , 99999.9 , 999-999-9999 , 999-999-9999 , AAAAAAA@AAAAAA.AAA , AAAA://AAA.AAAAAAAAAAAAAA.AAA",-0.01797921527631241,-1
1038.0,Rozella,Ostrosky,0.0,Parkway Company,17 Morena Blvd,0.0,Camarillo,Ventura,CA,93012.0,805-832-63,805-609-1531,rozella.ostrosky@ostrosky.com,http://www.parkwaycompany.com," cust_id , first_name , last_name , name , company_name , address_1 , address_2 , city , country , state , zip , phone1 , phone2 , email , web"," 9999.9 , AAAAAAA , AAAAAAAA , AAA , AAAAAAA AAAAAAA , 99 AAAAAA AAAA , AAA , AAAAAAAAA , AAAAAAA , AA , 99999.9 , 999-999-99 , 999-999-9999 , AAAAAAA.AAAAAAAA@AAAAAAAA.AAA , AAAA://AAA.AAAAAAAAAAAAAA.AAA",-0.006821895028404579,-1
1039.0,Valentine,Gillian,0.0,Fbs Business Finance,775 W 17th St,0.0,San Antonio,Bexar,TX,78204.0,210-812-9597,210-300-6244,valentine_gillian@gmail.com,http://www.fbsbusinessfinance.com," cust_id , first_name , last_name , name , company_name , address_1 , address_2 , city , country , state , zip , phone1 , phone2 , email , web"," 9999.9 , AAAAAAAAA , AAAAAAA , AAA , AAA AAAAAAAA AAAAAAA , 999 A 99AA AA , AAA , AAA AAAAAAA , AAAAA , AA , 99999.9 , 999-999-9999 , 999-999-9999 , AAAAAAAAA_AAAAAAA@AAAAA.AAA , AAAA://AAA.AAAAAAAAAAAAAAAAAA.AAA",-0.014496088812247843,-1
1040.0,Kati,Rulapaugh,0.0,Eder Assocs Consltng Engrs Pc,6980 Dorsett Rd,0.0,Abilene,Dickinson,KS,67410.0,785-463-7829,785-219-7724,kati.rulapaugh@hotmail.com,http://www.ederassocsconsltngengrspc.com," cust_id , first_name , last_name , name , company_name , address_1 , address_2 , city , country , state , zip , phone1 , phone2 , email , web"," 9999.9 , AAAA , AAAAAAAAA , AAA , AAAA AAAAAA AAAAAAAA AAAAA AA , 9999 AAAAAAA AA , AAA , AAAAAAA , AAAAAAAAA , AA , 99999.9 , 999-999-9999 , 999-999-9999 , AAAA.AAAAAAAAA@AAAAAAA.AAA , AAAA://AAA.AAAAAAAAAAAAAAAAAAAAAAAAA.AAA",-0.021481245941111782,-1
1041.0,Youlanda,Schemmer,0.0,Tri M Tool Inc,2881 Lewis Rd,0.0,Prineville,Crook,OR,97754.0,541-548-8197,541-993-2611,youlanda@aol.com,http://www.trimtoolinc.com," cust_id , first_name , last_name , name , company_name , address_1 , address_2 , city , country , state , zip , phone1 , phone2 , email , web"," 9999.9 , AAAAAAAA , AAAAAAAA , AAA , AAA A AAAA AAA , 9999 AAAAA AA , AAA , AAAAAAAAAA , AAAAA , AA , 99999.9 , 999-999-9999 , 999-999-9999 , AAAAAAAA@AAA.AAA , AAAA://AAA.AAAAAAAAAAA.AAA",-0.033463553517172784,-1
1042.0,Dyan,Oldroyd,0.0,International Eyelets Inc,7219 Woodfield Rd,0.0,Overland Park,Johnson,KS,66204.0,913-413-4604,913-645-8918,doldroyd@aol.com,http://www.internationaleyeletsinc.com," cust_id , first_name , last_name , name , company_name , address_1 , address_2 , city , country , state , zip , phone1 , phone2 , email , web"," 9999.9 , AAAA , AAAAAAA , AAA , AAAAAAAAAAAAA AAAAAAA AAA , 9999 AAAAAAAAA AA , AAA , AAAAAAAA AAAA , AAAAAAA , AA , 99999.9 , 999-999-9999 , 999-999-9999 , AAAAAAAA@AAA.AAA , AAAA://AAA.AAAAAAAAAAAAAAAAAAAAAAA.AAA",-0.020603960404648403,-1
1043.0,Roxane,Campain,0.0,Rapid Trading Intl,1048 Main St,0.0,Fairbanks,Fairbanks North Star,AK,99708.0,907-231-4722,907-335-6568,roxane@hotmail.com,http://www.rapidtradingintl.com," cust_id , first_name , last_name , name , company_name , address_1 , address_2 , city , country , state , zip , phone1 , phone2 , email , web"," 9999.9 , AAAAAA , AAAAAAA , AAA , AAAAA AAAAAAA AAAA , 9999 AAAA AA , AAA , AAAAAAAAA , AAAAAAAAA AAAAA AAAA , AA , 99999.9 , 999-999-9999 , 999-999-9999 , AAAAAA@AAAAAAA.AAA , AAAA://AAA.AAAAAAAAAAAAAAAA.AAA",-0.05652735400361053,-1
1045.0,Erick,Ferencz,0.0,Cindy Turner Associates,20 S Babcock St,0.0,Fairbanks,Fairbanks North Star,AK,99712.0,907-741-1044,907-227-6777,erick.ferencz@aol.com,http://www.cindyturnerassociates.com," cust_id , first_name , last_name , name , company_name , address_1 , address_2 , city , country , state , zip , phone1 , phone2 , email , web"," 9999.9 , AAAAA , AAAAAAA , AAA , AAAAA AAAAAA AAAAAAAAAA , 99 A AAAAAAA AA , AAA , AAAAAAAAA , AAAAAAAAA AAAAA AAAA , AA , 99999.9 , 999-999-9999 , 999-999-9999 , AAAAA.AAAAAAA@AAA.AAA , AAAA://AAA.AAAAAAAAAAAAAAAAAAAAA.AAA",-0.05191645662361977,-1
1047.0,Jina,Briddick,0.0,Grace Pastries Inc,38938 Park Blvd$$,0.0,Boston,Suffolk,MA,2128.0,617-399-5124,617-997-5771,jina_briddick@briddick.com,http://www.gracepastriesinc.com," cust_id , first_name , last_name , name , company_name , address_1 , address_2 , city , country , state , zip , phone1 , phone2 , email , web"," 9999.9 , AAAA , AAAAAAAA , AAA , AAAAA AAAAAAAA AAA , 99999 AAAA AAAA$$ , AAA , AAAAAA , AAAAAAA , AA , 9999.9 , 999-999-9999 , 999-999-9999 , AAAA_AAAAAAAA@AAAAAAAA.AAA , AAAA://AAA.AAAAAAAAAAAAAAAA.AAA",-0.0669496412093128,-1
1048.0,Kanisha,Waycott,0.0,"Schroer, Gene E Esq",5 Tomahawk Dr,0.0,Los Angeles,Los Angeles,CA,90006.0,323-453-2780,323-315-7314,kanisha_waycott@yahoo.com,http://www.schroergeneeesq.com," cust_id , first_name , last_name , name , company_name , address_1 , address_2 , city , country , state , zip , phone1 , phone2 , email , web"," 9999.9 , AAAAAAA , AAAAAAA , AAA , AAAAAAA, AAAA A AAA , 9 AAAAAAAA AA , AAA , AAA AAAAAAA , AAA AAAAAAA , AA , 99999.9 , 999-999-9999 , 999-999-9999 , AAAAAAA_AAAAAAA@AAAAA.AAA , AAAA://AAA.AAAAAAAAAAAAAAA.AAA",-0.01574512057802291,-1
1063.0,Cecily,Hollack,0.0,Arthur A Oliver & Son Inc,59 N $$Groesbeck Hwy,0.0,Austin,Travis,TX,78731.0,512-486-3817,512-861-3814,cecily@hollack.org,http://www.arthuraoliversoninc.com," cust_id , first_name , last_name , name , company_name , address_1 , address_2 , city , country , state , zip , phone1 , phone2 , email , web"," 9999.9 , AAAAAA , AAAAAAA , AAA , AAAAAA A AAAAAA & AAA AAA , 99 A $$AAAAAAAAA AAA , AAA , AAAAAA , AAAAAA , AA , 99999.9 , 999-999-9999 , 999-999-9999 , AAAAAA@AAAAAAA.AAA , AAAA://AAA.AAAAAAAAAAAAAAAAAAA.AAA",-0.016745091325747197,-1
1064.0,Carmelina,Lindall,0.0,George Jessop Carter Jewelers,2664 Lewis Rd,0.0,Littleton,Douglas,CO,80126.0,303-724-7371,303-874-5160,carmelina_lindall@lindall.com,http://www.georgejessopcarterjewelers.com," cust_id , first_name , last_name , name , company_name , address_1 , address_2 , city , country , state , zip , phone1 , phone2 , email , web"," 9999.9 , AAAAAAAAA , AAAAAAA , AAA , AAAAAA AAAAAA AAAAAA AAAAAAAA , 9999 AAAAA AA , AAA , AAAAAAAAA , AAAAAAA , AA , 99999.9 , 999-999-9999 , 999-999-9999 , AAAAAAAAA_AAAAAAA@AAAAAAA.AAA , AAAA://AAA.AAAAAAAAAAAAAAAAAAAAAAAAAA.AAA",-0.015874210289906765,-1
1067.0,Penney,Weight,0.0,Hawaiian King Hotel,18 Fountain St,0.0,Anchorage,Anchorage,AK,99515.0,907-797-9628,907-873-2882,penney_weight@aol.com,http://www.hawaiiankinghotel.com," cust_id , first_name , last_name , name , company_name , address_1 , address_2 , city , country , state , zip , phone1 , phone2 , email , web"," 9999.9 , AAAAAA , AAAAAA , AAA , AAAAAAAA AAAA AAAAA , 99 AAAAAAAA AA , AAA , AAAAAAAAA , AAAAAAAAA , AA , 99999.9 , 999-999-9999 , 999-999-9999 , AAAAAA_AAAAAA@AAA.AAA , AAAA://AAA.AAAAAAAAAAAAAAAAA.AAA",-0.04551338683773232,-1
1070.0,Vallie,Mondella,0.0,Private Properties,74 W College St,0.0,Boise,Ada,ID,83707.0,208-862-5339,208-737-8439,vmondella@mondella.com,http://www.privateproperties.com," cust_id , first_name , last_name , name , company_name , address_1 , address_2 , city , country , state , zip , phone1 , phone2 , email , web"," 9999.9 , AAAAAA , AAAAAAAA , AAA , AAAAAAA AAAAAAAAAA , 99 A AAAAAAA AA , AAA , AAAAA , AAA , AA , 99999.9 , 999-999-9999 , 999-999-9999 , AAAAAAAAA@AAAAAAAA.AAA , AAAA://AAA.AAAAAAAAAAAAAAAAA.AAA",-0.015925601572039594,-1
1094.0,Wilda,Giguere,0.0,"Mclaughlin, Luther W Cpa",1747 Calle Amanecer #2,0.0,Anchorage,Anchorage,AK,99501.0,907-870-5536,907-914-9482,wilda@cox.net,http://www.mclaughlinlutherwcpa.com," cust_id , first_name , last_name , name , company_name , address_1 , address_2 , city , country , state , zip , phone1 , phone2 , email , web"," 9999.9 , AAAAA , AAAAAAA , AAA , AAAAAAAAAA, AAAAAA A AAA , 9999 AAAAA AAAAAAAA #9 , AAA , AAAAAAAAA , AAAAAAAAA , AA , 99999.9 , 999-999-9999 , 999-999-9999 , AAAAA@AAA.AAA , AAAA://AAA.AAAAAAAAAAAAAAAAAAAA.AAA",-0.04733665064561299,-1
